<metadata>
  <idinfo>
    <citation>
      <citeinfo>
        <origin>Minnesota Department of Natural Resources (MNDNR)</origin>
        <pubdate>20100302</pubdate>
        <title>State Trails of Minnesota</title>
        <pubinfo>
          <publish>MNDNR - Division of Parks and Trails</publish>
        </pubinfo>
        <onlink>http://gisdata.mn.gov/dataset/trans-state-trails-minnesota</onlink>
      </citeinfo>
    </citation>
    <descript>
      <abstract>This dataset represents State Trails that have been legislatively authorized and physically constructed and that are maintained by the MNDNR Division of Parks and Trails.
 These trails, which pass through a combination of state-owned lands and acquired easements, have multiple use status with specific activities supported in designated sections.</abstract>
      <purpose>To support trail maintenance, recreation planning, and public access information, with emphasis on cartographic map rendering.</purpose>
      <supplinf>
        </supplinf>
    </descript>
    <timeperd>
      <timeinfo>
        <sngdate>
          <caldate>20210127</caldate>
        </sngdate>
      </timeinfo>
      <current>These data were collected from GPS, aerial photograph interpretation, and paper maps.
11/13/2009-present</current>
    </timeperd>
    <status>
      <progress>Complete</progress>
      <update>As needed</update>
    </status>
    <spdom>
      <bounding>
        <westbc>-97.23</westbc>
        <eastbc>-89.53</eastbc>
        <northbc>49.37</northbc>
        <southbc>43.5</southbc>
      </bounding>
    </spdom>
    <keywords>
      <theme>
        <themekey>transportation, biking, hiking, state trails, surface type, width</themekey>
        <themekt>ISO 19115 Category</themekt>
      </theme>
      <place>
        <placekey>Minnesota, MN</placekey>
      </place>
    </keywords>
    <accconst>None</accconst>
    <useconst>Use of the data are constrained only by the DNR GIS Data License Agreement. See the Distribution Liability section below for a link.</useconst>
    <native>ArcSDE Geodatabase</native>
    <browse>
      <browsen>https://resources.gisdata.mn.gov/pub/gdrs/data/pub/us_mn_state_dnr/trans_state_trails_minnesota/preview/preview.jpg</browsen>
    </browse>
    <crossref>
      <citeinfo>
        <title>
          </title>
      </citeinfo>
    </crossref>
    <ptcontac>
      <cntinfo>
        <cntperp>
          <cntorg>Minnesota DNR - Parks and Trails, Information Systems Team</cntorg>
          <cntper>John Lawton</cntper>
        </cntperp>
        <cntpos>IT Specialist</cntpos>
        <cntaddr>
          <address>500 Lafayette Rd</address>
          <city>Saint Paul</city>
          <state>MN</state>
          <postal>55155</postal>
        </cntaddr>
        <cntvoice>651-259-5580</cntvoice>
        <cntemail>john.lawton@state.mn.us</cntemail>
      </cntinfo>
    </ptcontac>
  </idinfo>
  <dataqual>
    <logic>Data are topologically correct using internal editing tools at the DNR.</logic>
    <complete>This dataset includes all state trails that have been legislatively authorized and physically constructed. Proposed alignments and trail segments not yet built are not included. Complete over the area of the State of Minnesota</complete>
    <posacc>
      <horizpa>
        <horizpar>Not specifically assessed
.</horizpar>
      </horizpa>
      <vertacc>
        <vertaccr>Not Applicable
.</vertaccr>
      </vertacc>
    </posacc>
    <lineage>
      <procstep>
        <procdesc>This dataset is derived and regularly updated from the DNR WHEELS SDE database. 
</procdesc>
      </procstep>
    </lineage>
    <attracc>
      <attraccr>The attributes in this table are undergoing accuracy assessment on an as-needed basis.  
</attraccr>
    </attracc>
  </dataqual>
  <spdoinfo>
    <indspref>Ground observations</indspref>
    <direct>vector</direct>
    <mgmg3obj>line</mgmg3obj>
    <mgmg3til>state</mgmg3til>
  </spdoinfo>
  <spref>
    <vertdef>
      <altsys>
        <altdatum>Not Applicable</altdatum>
        <altunits>Not Applicable</altunits>
      </altsys>
      <depthsys>
        <depthdn>Not Applicable</depthdn>
        <depthdu>Not Applicable</depthdu>
      </depthsys>
    </vertdef>
    <horizsys>
      <planar>
        <gridsys>
          <gridsysn>Universal Transverse Mercator</gridsysn>
          <utm>
            <utmzone>15</utmzone>
          </utm>
        </gridsys>
        <planci>
          <plandu>meters</plandu>
        </planci>
      </planar>
      <geodetic>
        <horizdn>NAD83</horizdn>
        <ellips>GRS80</ellips>
      </geodetic>
    </horizsys>
  </spref>
  <eainfo>
    <detailed>
      <enttyp>
        <enttypl>trans_state_trails_minnesota.gdb\state_trails_minnesota</enttypl>
        <enttypd>Minnesota State Trails Attribute Table. Field names refer to the actual names of fields in the table; displayed field names (aliases) are defined in the field definition where applicable.</enttypd>
      </enttyp>
      <attr>
        <attrlabl>Shape</attrlabl>
        <attrdef>Feature geometry.</attrdef>
      </attr>
      <attr>
        <attrlabl>trail_name</attrlabl>
        <attrdef>Field alias: Trail Name. Name of State Trail.</attrdef>
      </attr>
      <attr>
        <attrlabl>alt_name</attrlabl>
        <attrdef>Field alias: Alternate Name. Alternate name for trail segment, if applicable.</attrdef>
      </attr>
      <attr>
        <attrlabl>prgm_prj</attrlabl>
        <attrdef>Field alias: Program Project. 8-character Program/Project Code of State Trail.</attrdef>
      </attr>
      <attr>
        <attrlabl>unit_name</attrlabl>
        <attrdef>Field alias: Unit Name. Unit Name for State Trail.</attrdef>
      </attr>
      <attr>
        <attrlabl>admin</attrlabl>
        <attrdef>Field alias: Administered By. Division or entity that administers this trail.</attrdef>
      </attr>
      <attr>
        <attrlabl>maintained</attrlabl>
        <attrdef>Field alias: Maintained By. Division or entity that maintains the trail.</attrdef>
      </attr>
      <attr>
        <attrlabl>use_hike</attrlabl>
        <attrdef>Field alias: Hiking. Trail may be used for hiking. 1 = True, 0 = False.</attrdef>
      </attr>
      <attr>
        <attrlabl>use_hiking</attrlabl>
        <attrdef>Field alias: Hiking Club. Trail is a hiking club trail. 1 = True, 0 = False.</attrdef>
      </attr>
      <attr>
        <attrlabl>use_hwt</attrlabl>
        <attrdef>Field alias: Hunter Walking Trail. Trail is used for hunter walking access. 1 = True, 0 = False. (Note that this is not a reliable source for Hunter Walking Trails.)</attrdef>
      </attr>
      <attr>
        <attrlabl>use_selfgu</attrlabl>
        <attrdef>Field alias: Self-Guided. Trail is a self-guided trail. 1 = True, 0 = False.</attrdef>
      </attr>
      <attr>
        <attrlabl>interp</attrlabl>
        <attrdef>Field alias: Interpretive Trail. Trail is an interpretive trail. 1 = True, 0 = False.</attrdef>
      </attr>
      <attr>
        <attrlabl>use_accpat</attrlabl>
        <attrdef>Field alias: Sidewalk Access Path Portage. Trail is a sidewalk, access path, or a portage. 1 = True, 0 = False.</attrdef>
      </attr>
      <attr>
        <attrlabl>use_ada</attrlabl>
        <attrdef>Field alias: Americans with Disabilities Act. Trail complies with requirements of the Americans with Disabilities Act. 1 = True, 0 = False.</attrdef>
      </attr>
      <attr>
        <attrlabl>use_horse</attrlabl>
        <attrdef>Field alias: Horse. Trail allows travel by horseback. 1 = True, 0 = False.</attrdef>
      </attr>
      <attr>
        <attrlabl>use_bike</attrlabl>
        <attrdef>Field alias: Bike. Trail may be used by bikes. 1 = True, 0 = False.</attrdef>
      </attr>
      <attr>
        <attrlabl>use_mntbik</attrlabl>
        <attrdef>Field alias: Mountain Bike. Trail may be used by mountain bikes. 1 = True, 0 = False.</attrdef>
      </attr>
      <attr>
        <attrlabl>use_inline</attrlabl>
        <attrdef>Field alias: Inline Skate. Trail may be used by inline skaters. 1 = True, 0 = False.</attrdef>
      </attr>
      <attr>
        <attrlabl>use_wntrhi</attrlabl>
        <attrdef>Field alias: Winter Hike. Trail can be used for winter hiking. 1 = True, 0 = False.</attrdef>
      </attr>
      <attr>
        <attrlabl>use_xski</attrlabl>
        <attrdef>Field alias: Cross Country Ski. Trail may be used for cross-country skiing during winter months. 1 = True, 0 = False.</attrdef>
      </attr>
      <attr>
        <attrlabl>use_sktski</attrlabl>
        <attrdef>Field alias: Skate Ski. Trail may be used for skate-skiing. 1 = True, 0 = False.</attrdef>
      </attr>
      <attr>
        <attrlabl>use_snosho</attrlabl>
        <attrdef>Field alias: Snowshoe. Trail may be used for snowshoeing. 1 = True, 0 = False.</attrdef>
      </attr>
      <attr>
        <attrlabl>use_sleddo</attrlabl>
        <attrdef>Field alias: Sled Dog. Trail may be traveled by dog sled. 1 = True, 0 = False.</attrdef>
      </attr>
      <attr>
        <attrlabl>use_snowmo</attrlabl>
        <attrdef>Field alias: Snowmobile. Trail may be used for snowmobiling. 1 = True, 0 = False. (Note that this dataset is not the most reliable source for snowmobile trail data.)</attrdef>
      </attr>
      <attr>
        <attrlabl>use_skijor</attrlabl>
        <attrdef>Field alias: Skijoring. Trail may be used for skijoring. 1 = True, 0 = False.</attrdef>
      </attr>
      <attr>
        <attrlabl>use_ohm</attrlabl>
        <attrdef>Field alias: Off-Highway Motorcycle. Trail may be used by off-highway motorcycles. 1 = True, 0 = False.</attrdef>
      </attr>
      <attr>
        <attrlabl>use_atvcl1</attrlabl>
        <attrdef>Field alias: ATV Class 1. Trail may be used by Class 1 All-Terrain Vehicles. 1 = True, 0 = False.</attrdef>
      </attr>
      <attr>
        <attrlabl>use_atvcl2</attrlabl>
        <attrdef>Field alias: ATV Class 2. Trail may be used by Class 2 All-Terrain Vehicles. 1 = True, 0 = False.</attrdef>
      </attr>
      <attr>
        <attrlabl>use_orv</attrlabl>
        <attrdef>Field alias: Off-Road Vehicle. Trail may be used by Off-Road Vehicles. 1 = True, 0 = False.</attrdef>
      </attr>
      <attr>
        <attrlabl>use_wcftm</attrlabl>
        <attrdef>Field alias: Motorized Watercraft. Trail may be used by motorized watercraft. 1 = True, 0 = False.</attrdef>
      </attr>
      <attr>
        <attrlabl>use_wcftnm</attrlabl>
        <attrdef>Field alias: Nonmotorized Watercraft. Trail may be used by non-motorized watercraft. 1 = True, 0 = False.</attrdef>
      </attr>
      <attr>
        <attrlabl>use_abando</attrlabl>
        <attrdef>Field alias: Abandoned Use. Trail is abandoned. 1 = True, 0 = False.</attrdef>
      </attr>
      <attr>
        <attrlabl>other_com</attrlabl>
        <attrdef>Field alias: Other/Comment. Comments not included within the other fields.</attrdef>
      </attr>
      <attr>
        <attrlabl>surfacetyp</attrlabl>
        <attrdef>Field alias: Surface Type. Description of trail's surface type.</attrdef>
      </attr>
      <attr>
        <attrlabl>width</attrlabl>
        <attrdef>Field alias: Width. Describes the width of the trail. If the field is blank then width has not been determined.</attrdef>
      </attr>
      <attr>
        <attrlabl>lengthmile</attrlabl>
        <attrdef>Field alias: Length (Miles). Length of trail in miles.</attrdef>
      </attr>
      <attr>
        <attrlabl>OBJECTID</attrlabl>
        <attrdef>System-assigned unique identifier.</attrdef>
      </attr>
      <attr>
        <attrlabl>Shape_Length</attrlabl>
        <attrdef>Length of trail segment in meters.</attrdef>
      </attr>
    </detailed>
  </eainfo>
  <distinfo>
    <resdesc>trans_state_trails_minnesota</resdesc>
    <distliab>The Minnesota Department of Natural Resources General Geographic Data License Agreement is online: http://www.dnr.state.mn.us/sitetools/data_software_license.html
</distliab>
    <stdorder>
      <digform>
        <digtinfo>
          <formname>ArcView Shapefile</formname>
          <formvern>Not Applicable</formvern>
          <transize>1024</transize>
        </digtinfo>
      </digform>
      <ordering>Visit the web site noted in the online linkage section, or send an email to the Distribution Contact listed in this metadata record.</ordering>
    </stdorder>
    <distrib>
      <cntinfo>
        <cntperp>
          <cntorg>Minnesota Department of Natural Resources</cntorg>
          <cntper>Zeb Thomas</cntper>
        </cntperp>
        <cntpos>GIS Data Systems Coordinator</cntpos>
        <cntaddr>
          <addrtype>Mailing and Physical</addrtype>
          <address>500 Lafayette Rd</address>
          <city>St. Paul</city>
          <state>MN</state>
          <postal>55155-4011</postal>
        </cntaddr>
        <cntvoice>651-259-5637</cntvoice>
        <cntemail>zeb.thomas@state.mn.us</cntemail>
      </cntinfo>
    </distrib>
  </distinfo>
  <metainfo>
    <metd>20140724</metd>
    <metstdn>Minnesota Geographic Metadata Guidelines</metstdn>
    <metstdv>1.2</metstdv>
    <metextns>
      <onlink>http://www.mngeo.state.mn.us/committee/standards/mgmg/metadata.htm</onlink>
    </metextns>
    <metc>
      <cntinfo>
        <cntperp>
          <cntorg>Minnesota DNR - Parks and Trails, Information Systems Team</cntorg>
          <cntper>John Lawton</cntper>
        </cntperp>
        <cntpos>IT Specialist</cntpos>
        <cntaddr>
          <address>500 Lafayette Rd</address>
          <city>Saint Paul</city>
          <state>MN</state>
          <postal>55155</postal>
        </cntaddr>
        <cntvoice>651-259-5580</cntvoice>
        <cntemail>john.lawton@state.mn.us</cntemail>
      </cntinfo>
    </metc>
  </metainfo>
</metadata>
